mode,unit,threads,trial,throughput
cpu,rows,1,0,9968.9
cpu,rows,1,1,9967.2
cpu,rows,1,2,9968.4
cpu,rows,2,0,19552.2
cpu,rows,2,1,19454.6
cpu,rows,2,2,19902.0
cpu,rows,3,0,29158.0
cpu,rows,3,1,29060.2
cpu,rows,3,2,29265.3
cpu,rows,4,0,38875.8
cpu,rows,4,1,38914.6
cpu,rows,4,2,38907.7
cpu,rows,5,0,46790.7
cpu,rows,5,1,46757.2
cpu,rows,5,2,46778.9
cpu,rows,6,0,55816.6
cpu,rows,6,1,56119.5
cpu,rows,6,2,55933.1
cpu,rows,7,0,62552.9
cpu,rows,7,1,62628.6
cpu,rows,7,2,62158.8
cpu,rows,8,0,69032.1
cpu,rows,8,1,69074.1
cpu,rows,8,2,69044.5
cpu,rows,9,0,75526.1
cpu,rows,9,1,75448.3
cpu,rows,9,2,75201.4
cpu,rows,10,0,82017.9
cpu,rows,10,1,81873.9
cpu,rows,10,2,82034.1
cpu,rows,11,0,88521.1
cpu,rows,11,1,88379.0
cpu,rows,11,2,88412.0
cpu,rows,12,0,94883.6
cpu,rows,12,1,94955.0
cpu,rows,12,2,94659.8
cpu,rows,13,0,101374.8
cpu,rows,13,1,101166.4
cpu,rows,13,2,101412.7
cpu,rows,14,0,107826.4
cpu,rows,14,1,107790.3
cpu,rows,14,2,107804.4
cpu,rows,15,0,114871.7
cpu,rows,15,1,114813.4
cpu,rows,15,2,114855.6
cpu,rows,16,0,114897.5
cpu,rows,16,1,114773.6
cpu,rows,16,2,114879.5
cpu,rows,17,0,121954.6
cpu,rows,17,1,122162.7
cpu,rows,17,2,122212.7
cpu,rows,18,0,121906.8
cpu,rows,18,1,121908.8
cpu,rows,18,2,128939.9
cpu,rows,19,0,128935.9
cpu,rows,19,1,135777.1
cpu,rows,19,2,135877.5
cpu,rows,20,0,135978.1
cpu,rows,20,1,136047.6
cpu,rows,20,2,142582.7
cpu,rows,21,0,149846.0
cpu,rows,21,1,149915.6
cpu,rows,21,2,143016.7
cpu,rows,22,0,149957.8
cpu,rows,22,1,149504.0
cpu,rows,22,2,149972.3
cpu,rows,23,0,149794.0
cpu,rows,23,1,149896.2
cpu,rows,23,2,150056.1
cpu,rows,24,0,149834.1
cpu,rows,24,1,149812.2
cpu,rows,24,2,149928.3
cpu,rows,25,0,149888.4
cpu,rows,25,1,149980.1
cpu,rows,25,2,149477.7
cpu,rows,26,0,149846.2
cpu,rows,26,1,149862.2
cpu,rows,26,2,150004.1
cpu,rows,27,0,149876.2
cpu,rows,27,1,149942.2
cpu,rows,27,2,150212.3
cpu,rows,28,0,149782.1
cpu,rows,28,1,150018.3
cpu,rows,28,2,149870.4
cpu,rows,29,0,149940.2
cpu,rows,29,1,149988.3
cpu,rows,29,2,149943.3
cpu,rows,30,0,149621.7
cpu,rows,30,1,149950.1
cpu,rows,30,2,149293.7
cpu,rows,31,0,149860.2
cpu,rows,31,1,149991.6
cpu,rows,31,2,150122.2
cpu,rows,32,0,149882.3
cpu,rows,32,1,149974.2
cpu,rows,32,2,149930.1
cpu,rows,33,0,149432.1
cpu,rows,33,1,149575.8
cpu,rows,33,2,149855.8
cpu,rows,34,0,126744.4
cpu,rows,34,1,126032.6
cpu,rows,34,2,125910.6
cpu,rows,35,0,126203.7
cpu,rows,35,1,126046.6
cpu,rows,35,2,126016.5
cpu,rows,36,0,126170.5
cpu,rows,36,1,126176.4
cpu,rows,36,2,126312.5
cpu,rows,37,0,126408.6
cpu,rows,37,1,126332.5
cpu,rows,37,2,125980.2
cpu,rows,38,0,126462.3
cpu,rows,38,1,125950.5
cpu,rows,38,2,126232.7
cpu,rows,39,0,126328.4
cpu,rows,39,1,126354.5
cpu,rows,39,2,126186.6
cpu,rows,40,0,126247.2
cpu,rows,40,1,126024.6
cpu,rows,40,2,126200.6
cpu,rows,41,0,125387.8
cpu,rows,41,1,126094.1
cpu,rows,41,2,126258.4
cpu,rows,42,0,126188.6
cpu,rows,42,1,125958.0
cpu,rows,42,2,126300.5
cpu,rows,43,0,126016.5
cpu,rows,43,1,126178.5
cpu,rows,43,2,125760.4
cpu,rows,44,0,126090.4
cpu,rows,44,1,126178.4
cpu,rows,44,2,126306.5
cpu,rows,45,0,126018.6
cpu,rows,45,1,125908.4
cpu,rows,45,2,125988.7
cpu,rows,46,0,125518.5
cpu,rows,46,1,126072.4
cpu,rows,46,2,126278.7
cpu,rows,47,0,126268.5
cpu,rows,47,1,126192.6
cpu,rows,47,2,126260.6
cpu,rows,48,0,126144.5
cpu,rows,48,1,126554.5
cpu,rows,48,2,125846.4
cpu,rows,52,0,126132.3
cpu,rows,52,1,126021.4
cpu,rows,52,2,126090.4
cpu,rows,56,0,126213.0
cpu,rows,56,1,126206.6
cpu,rows,56,2,126230.6
cpu,rows,60,0,126170.6
cpu,rows,60,1,125684.3
cpu,rows,60,2,126161.3
cpu,rows,64,0,126164.4
cpu,rows,64,1,125965.4
cpu,rows,64,2,126246.2
cpu,rows,68,0,125758.1
cpu,rows,68,1,126280.4
cpu,rows,68,2,126004.5
cpu,rows,72,0,126440.3
cpu,rows,72,1,126346.6
cpu,rows,72,2,126015.2
cpu,rows,76,0,125970.5
cpu,rows,76,1,126236.5
cpu,rows,76,2,126036.4
cpu,rows,80,0,126028.6
cpu,rows,80,1,125148.2
cpu,rows,80,2,126565.7
cpu,rows,84,0,126408.5
cpu,rows,84,1,126483.8
cpu,rows,84,2,126328.2
cpu,rows,88,0,126128.4
cpu,rows,88,1,126534.6
cpu,rows,88,2,125986.6
cpu,rows,92,0,126015.6
cpu,rows,92,1,126120.4
cpu,rows,92,2,126258.8
cpu,rows,96,0,126258.6
cpu,rows,96,1,126747.2
cpu,rows,96,2,126057.9
cpu,rows,100,0,126812.4
cpu,rows,100,1,125683.8
cpu,rows,100,2,126429.9
cpu,rows,104,0,126560.5
cpu,rows,104,1,126084.3
cpu,rows,104,2,125875.7
cpu,rows,108,0,127118.5
cpu,rows,108,1,126128.5
cpu,rows,108,2,125806.6
cpu,rows,112,0,126532.6
cpu,rows,112,1,126082.4
cpu,rows,112,2,126256.5
cpu,rows,116,0,126808.5
cpu,rows,116,1,126655.7
cpu,rows,116,2,126010.7
cpu,rows,120,0,126500.9
cpu,rows,120,1,126741.4
cpu,rows,120,2,126315.9
cpu,rows,124,0,127259.8
cpu,rows,124,1,126731.7
cpu,rows,124,2,126679.3
cpu,rows,128,0,127025.2
cpu,rows,128,1,126830.1
cpu,rows,128,2,127127.9
cpu,rows,144,0,127505.0
cpu,rows,144,1,126718.4
cpu,rows,144,2,126525.2
cpu,rows,160,0,126594.6
cpu,rows,160,1,125846.3
cpu,rows,160,2,126546.2
cpu,rows,176,0,126752.3
cpu,rows,176,1,125679.7
cpu,rows,176,2,126858.6
cpu,rows,192,0,126664.2
cpu,rows,192,1,126367.5
cpu,rows,192,2,126806.2
cpu,rows,208,0,126440.2
cpu,rows,208,1,126348.3
cpu,rows,208,2,126640.5
cpu,rows,224,0,126255.7
cpu,rows,224,1,126118.7
cpu,rows,224,2,126338.2
cpu,rows,240,0,126516.4
cpu,rows,240,1,126221.2
cpu,rows,240,2,125528.6
cpu,rows,256,0,126266.2
cpu,rows,256,1,125897.0
cpu,rows,256,2,126545.4
cpu,rows,272,0,126528.9
cpu,rows,272,1,126245.5
cpu,rows,272,2,126733.6
cpu,rows,288,0,125787.1
cpu,rows,288,1,125886.4
cpu,rows,288,2,126170.5
cpu,rows,304,0,126165.1
cpu,rows,304,1,126020.5
cpu,rows,304,2,126176.9
cpu,rows,320,0,127220.5
cpu,rows,320,1,126658.2
cpu,rows,320,2,125611.3
cpu,rows,336,0,123774.2
cpu,rows,336,1,126073.4
cpu,rows,336,2,125767.8
cpu,rows,352,0,126454.1
cpu,rows,352,1,126181.0
cpu,rows,352,2,126790.5
cpu,rows,368,0,126565.6
cpu,rows,368,1,126013.6
cpu,rows,368,2,126679.1
cpu,rows,384,0,126617.0
cpu,rows,384,1,125878.4
cpu,rows,384,2,127034.5
cpu,rows,400,0,126263.1
cpu,rows,400,1,126466.3
cpu,rows,400,2,126995.9
cpu,rows,416,0,126687.3
cpu,rows,416,1,127527.4
cpu,rows,416,2,125276.2
cpu,rows,432,0,126921.9
cpu,rows,432,1,126662.3
cpu,rows,432,2,126674.2
cpu,rows,448,0,126818.5
cpu,rows,448,1,126232.8
cpu,rows,448,2,127253.3
cpu,rows,464,0,127346.9
cpu,rows,464,1,127234.2
cpu,rows,464,2,124746.4
cpu,rows,480,0,127247.9
cpu,rows,480,1,127260.5
cpu,rows,480,2,127486.4
cpu,rows,496,0,126052.1
cpu,rows,496,1,125394.3
cpu,rows,496,2,124716.0
cpu,rows,512,0,126600.5
cpu,rows,512,1,126261.4
cpu,rows,512,2,126646.4
